Time (%),Total Time (ns),Instances,Avg (ns),Med (ns),Min (ns),Max (ns),StdDev (ns),Name
69.6,66847922806,399360,167387.6,135168.0,5568,5777973,157977.9,"void vllm::cross_device_reduce_1stage<__nv_bfloat16, (int)4>(vllm::RankData *, vllm::RankSignals, vllm::Signal *, T1 *, int, int)"
10.0,9590177620,196224,48873.6,48704.0,46880,55776,953.9,ampere_bf16_s16816gemm_bf16_128x64_sliced1x2_ldg8_f2f_stages_64x6_tn
5.6,5396774850,196992,27395.9,27328.0,10208,31264,926.0,ampere_bf16_s16816gemm_bf16_64x64_sliced1x2_ldg8_f2f_stages_64x6_tn
3.1,3010629460,196224,15342.8,15168.0,14464,19328,635.9,"std::enable_if<!T7, void>::type internal::gemvx::kernel<int, int, __nv_bfloat16, __nv_bfloat16, __nv_bfloat16, float, (bool)0, (bool)1, (bool)1, (bool)0, (int)7, (bool)0, cublasGemvParamsEx<int, cublasGemvTensorStridedBatched<const __nv_bfloat16>, cublasGemvTensorStridedBatched<const __nv_bfloat16>, cublasGemvTensorStridedBatched<__nv_bfloat16>, float>>(T13)"
2.1,2002563928,196224,10205.5,10176.0,9568,12384,398.5,"void gemv2T_kernel_val<int, int, __nv_bfloat16, __nv_bfloat16, __nv_bfloat16, float, (int)128, (int)16, (int)4, (int)4, (bool)0, (bool)0, cublasGemvParamsEx<int, cublasGemvTensorStridedBatched<const __nv_bfloat16>, cublasGemvTensorStridedBatched<const __nv_bfloat16>, cublasGemvTensorStridedBatched<__nv_bfloat16>, float>>(T13, T6, T6)"
1.6,1566706913,393216,3984.3,3936.0,3424,5504,312.4,"std::enable_if<T2>(int)0&&vllm::_typeConvert<T1>::exists, void>::type vllm::fused_add_rms_norm_kernel<c10::BFloat16, (int)8>(T1 *, long, T1 *, const T1 *, float, int, int)"
1.4,1350810911,150528,8973.8,8832.0,8256,11712,558.4,"void flash::flash_fwd_splitkv_kernel<Flash_fwd_kernel_traits<(int)128, (int)64, (int)128, (int)4, (bool)0, (bool)0, cutlass::bfloat16_t, Flash_kernel_traits<(int)128, (int)64, (int)128, (int)4, cutlass::bfloat16_t>>, (bool)0, (bool)0, (bool)0, (bool)0, (bool)1, (bool)0, (bool)1, (bool)0>(flash::Flash_fwd_params)"
1.2,1168898910,6144,190250.5,189760.0,187872,198976,1693.4,ampere_bf16_s16816gemm_bf16_128x64_ldg8_f2f_stages_64x4_tn
0.9,865724139,196608,4403.3,4352.0,3680,5856,293.0,"void vllm::act_and_mul_kernel<c10::BFloat16, &vllm::silu_kernel<c10::BFloat16>, (bool)1>(T1 *, const T1 *, int)"
0.8,728594667,6144,118586.4,147936.0,15904,932224,66802.6,ncclDevKernel_AllGather_RING_LL(ncclDevKernelArgsStorage<(unsigned long)4096>)
0.7,663398927,196608,3374.2,3392.0,2656,4672,316.6,"void vllm::reshape_and_cache_flash_kernel<__nv_bfloat16, __nv_bfloat16, (vllm::Fp8KVCacheDataType)0>(const T1 *, const T1 *, T2 *, T2 *, const long *, long, long, long, long, long, int, int, int, const float *, const float *)"
0.7,639376560,98304,6504.1,6496.0,5568,8544,589.3,"void flash::flash_fwd_splitkv_combine_kernel<Flash_fwd_kernel_traits<(int)128, (int)64, (int)128, (int)4, (bool)0, (bool)0, cutlass::bfloat16_t, Flash_kernel_traits<(int)128, (int)64, (int)128, (int)4, cutlass::bfloat16_t>>, (int)4, (int)2, (bool)1>(flash::Flash_fwd_params)"
0.7,630150798,196608,3205.1,3168.0,2880,4384,223.0,"void vllm::rotary_embedding_kernel<c10::BFloat16, (bool)1>(const long *, T1 *, T1 *, const T1 *, int, long, long, long, int, int, int)"
0.4,392079179,45696,8580.2,8448.0,7616,11424,607.2,"void flash::flash_fwd_splitkv_kernel<Flash_fwd_kernel_traits<(int)128, (int)64, (int)128, (int)4, (bool)0, (bool)0, cutlass::bfloat16_t, Flash_kernel_traits<(int)128, (int)64, (int)128, (int)4, cutlass::bfloat16_t>>, (bool)0, (bool)0, (bool)0, (bool)0, (bool)1, (bool)0, (bool)0, (bool)0>(flash::Flash_fwd_params)"
0.3,328493516,196608,1670.8,1728.0,1312,2241,196.5,"void at::native::vectorized_elementwise_kernel<(int)4, at::native::FillFunctor<c10::BFloat16>, std::array<char *, (unsigned long)1>>(int, T2, T3)"
0.3,297710917,49152,6056.9,6048.0,5344,7744,405.1,"void flash::flash_fwd_splitkv_combine_kernel<Flash_fwd_kernel_traits<(int)128, (int)64, (int)128, (int)4, (bool)0, (bool)0, cutlass::bfloat16_t, Flash_kernel_traits<(int)128, (int)64, (int)128, (int)4, cutlass::bfloat16_t>>, (int)4, (int)1, (bool)1>(flash::Flash_fwd_params)"
0.3,247162225,6144,40228.2,39520.0,38144,52320,2665.3,"void at::native::reduce_kernel<(int)512, (int)1, at::native::ReduceOp<float, at::native::ArgMaxOps<float>, unsigned int, long, (int)4, (int)4>>(T3)"
0.0,42895914,6144,6981.8,6880.0,6528,8768,365.7,"void cublasLt::splitKreduce_kernel<(int)32, (int)16, int, __nv_bfloat16, __nv_bfloat16, float, (bool)0, __nv_bfloat16, __nv_bfloat16, __nv_bfloat16, (bool)1, (bool)0, (bool)0>(cublasLt::cublasSplitKParams<T6>, const T4 *, const T9 *, T8 *, T5 *, const T6 *, const T6 *, const T10 *, const T4 *, T10 *, void *, long, T6 *, int *, T6 *, const T6 *, const T6 *, const T6 *, const T6 *)"
0.0,37190561,6144,6053.2,5984.0,5568,8064,406.6,"void at::native::index_elementwise_kernel<(int)128, (int)4, void at::native::gpu_index_kernel<void at::native::index_kernel_impl<at::native::OpaqueType<(int)2>>(at::TensorIteratorBase &, c10::ArrayRef<long>, c10::ArrayRef<long>)::[lambda(char *, const char *, long) (instance 1)]>(at::TensorIteratorBase &, c10::ArrayRef<long>, c10::ArrayRef<long>, const T1 &)::[lambda(int) (instance 1)]>(long, T3)"
0.0,35102090,12288,2856.6,2784.0,2560,3904,209.5,"void at::native::unrolled_elementwise_kernel<at::native::direct_copy_kernel_cuda(at::TensorIteratorBase &)::[lambda() (instance 3)]::operator ()() const::[lambda() (instance 4)]::operator ()() const::[lambda(long) (instance 1)], std::array<char *, (unsigned long)2>, (int)4, TrivialOffsetCalculator<(int)1, unsigned int>, TrivialOffsetCalculator<(int)1, unsigned int>, at::native::memory::LoadWithCast<(int)1>, at::native::memory::StoreWithCast<(int)1>>(int, T1, T2, T4, T5, T6, T7)"
0.0,33773140,6144,5496.9,5536.0,4672,7296,479.4,"void vllm::rms_norm_kernel<c10::BFloat16>(T1 *, const T1 *, long, const T1 *, float, int, int)"
0.0,30574874,6144,4976.4,4896.0,4672,6464,310.4,"void at::native::unrolled_elementwise_kernel<at::native::direct_copy_kernel_cuda(at::TensorIteratorBase &)::[lambda() (instance 3)]::operator ()() const::[lambda() (instance 7)]::operator ()() const::[lambda(float) (instance 1)], std::array<char *, (unsigned long)2>, (int)4, TrivialOffsetCalculator<(int)1, unsigned int>, TrivialOffsetCalculator<(int)1, unsigned int>, at::native::memory::LoadWithCast<(int)1>, at::native::memory::StoreWithCast<(int)1>>(int, T1, T2, T4, T5, T6, T7)"
0.0,23170632,6144,3771.3,3680.0,3520,11616,316.1,"void at::native::<unnamed>::indexSelectSmallIndex<c10::BFloat16, long, unsigned int, (int)2, (int)2, (int)-2>(at::cuda::detail::TensorInfo<T1, T3>, at::cuda::detail::TensorInfo<const T1, T3>, at::cuda::detail::TensorInfo<const T2, T3>, int, int, T3, long)"
0.0,21438144,3072,6978.6,7040.0,5984,9056,640.3,"void flash::flash_fwd_splitkv_combine_kernel<Flash_fwd_kernel_traits<(int)128, (int)64, (int)128, (int)4, (bool)0, (bool)0, cutlass::bfloat16_t, Flash_kernel_traits<(int)128, (int)64, (int)128, (int)4, cutlass::bfloat16_t>>, (int)4, (int)3, (bool)1>(flash::Flash_fwd_params)"
0.0,20771922,6144,3380.8,3264.0,3168,5056,242.0,"void at::native::elementwise_kernel<(int)128, (int)4, void at::native::gpu_kernel_impl_nocast<at::native::<unnamed>::masked_fill_kernel(at::TensorIterator &, const c10::Scalar &)::[lambda() (instance 1)]::operator ()() const::[lambda() (instance 12)]::operator ()() const::[lambda(c10::BFloat16, bool) (instance 1)]>(at::TensorIteratorBase &, const T1 &)::[lambda(int) (instance 1)]>(int, T3)"
0.0,19609795,384,51067.2,50464.0,47840,56735,1896.1,ampere_bf16_s16816gemm_bf16_64x64_sliced1x2_ldg8_f2f_stages_64x5_tn
0.0,14398132,6144,2343.4,2304.0,2144,3296,157.7,"void at::native::unrolled_elementwise_kernel<at::native::direct_copy_kernel_cuda(at::TensorIteratorBase &)::[lambda() (instance 3)]::operator ()() const::[lambda() (instance 3)]::operator ()() const::[lambda(int) (instance 1)], std::array<char *, (unsigned long)2>, (int)4, TrivialOffsetCalculator<(int)1, unsigned int>, TrivialOffsetCalculator<(int)1, unsigned int>, at::native::memory::LoadWithCast<(int)1>, at::native::memory::StoreWithCast<(int)1>>(int, T1, T2, T4, T5, T6, T7)"
0.0,13270736,6132,2164.2,2208.0,1792,3008,235.8,triton_poi_fused_add_bitwise_and_bitwise_or_ge_lt_mul_sub_0
0.0,11418557,6132,1862.1,1888.0,1600,2465,189.2,triton_poi_fused_bitwise_and_bitwise_not_bitwise_or_ge_lt_1
0.0,11182011,6144,1820.0,1824.0,1568,2752,191.2,"void at::native::unrolled_elementwise_kernel<at::native::FillFunctor<long>, std::array<char *, (unsigned long)1>, (int)8, TrivialOffsetCalculator<(int)0, unsigned int>, TrivialOffsetCalculator<(int)1, unsigned int>, at::native::memory::LoadWithoutCast, at::native::memory::StoreWithoutCast>(int, T1, T2, T4, T5, T6, T7)"
0.0,11056916,6144,1799.6,1760.0,1664,2464,143.4,"void at::native::unrolled_elementwise_kernel<at::native::CUDAFunctorOnSelf_add<int>, std::array<char *, (unsigned long)2>, (int)8, TrivialOffsetCalculator<(int)1, unsigned int>, TrivialOffsetCalculator<(int)1, unsigned int>, at::native::memory::LoadWithoutCast, at::native::memory::StoreWithoutCast>(int, T1, T2, T4, T5, T6, T7)"
0.0,5467545,384,14238.4,13887.0,13312,15776,727.5,void cutlass::Kernel2<cutlass_80_tensorop_s16816gemm_bf16_64x64_64x6_tn_align8>(T1::Params)
0.0,4398460,384,11454.3,10688.0,9952,13536,1215.5,"void flash::flash_fwd_splitkv_kernel<Flash_fwd_kernel_traits<(int)128, (int)64, (int)128, (int)4, (bool)0, (bool)0, cutlass::bfloat16_t, Flash_kernel_traits<(int)128, (int)64, (int)128, (int)4, cutlass::bfloat16_t>>, (bool)1, (bool)0, (bool)0, (bool)0, (bool)1, (bool)0, (bool)0, (bool)0>(flash::Flash_fwd_params)"
0.0,1111008,384,2893.3,2656.0,2592,3424,356.5,"void cublasLt::splitKreduce_kernel<(int)32, (int)16, int, float, __nv_bfloat16, float, (bool)0, __nv_bfloat16, __nv_bfloat16, __nv_bfloat16, (bool)1, (bool)0, (bool)0>(cublasLt::cublasSplitKParams<T6>, const T4 *, const T9 *, T8 *, T5 *, const T6 *, const T6 *, const T10 *, const T4 *, T10 *, void *, long, T6 *, int *, T6 *, const T6 *, const T6 *, const T6 *, const T6 *)"
0.0,27744,12,2312.0,2208.0,1824,2816,330.3,triton_poi_fused_add_bitwise_and_bitwise_not_bitwise_or_ge_lt_mul_sub_0
